[{"customer_id":1,"customer_name":"Paul Shelton","customer_email":"heathermartinez@example.net","customer_city":"Smithborough","customer_state":"AK"},{"customer_id":2,"customer_name":"Brandon Brooks","customer_email":"debraandersen@example.com","customer_city":"New Michaelview","customer_state":"VA"},{"customer_id":3,"customer_name":"James Rodriguez","customer_email":"john79@example.org","customer_city":"New Sabrinaborough","customer_state":"AS"},{"customer_id":4,"customer_name":"Derek Hawkins","customer_email":"porterjasmine@example.com","customer_city":"Martinezshire","customer_state":"ND"},{"customer_id":5,"customer_name":"Beth Turner","customer_email":"ujohnson@example.net","customer_city":"Priceton","customer_state":"CO"}]