{"sensor_id": "612185fd-5396-4462-9151-4e9f54a00115", "temperature": 27.45, "humidity": 45.32, "pressure": 1016.7, "timestamp": "1987-01-16T03:04:46","test":111,"demo":22,"corrupt_record":"demo"}
{"sensor_id": "36dcb7c0-8b37-453f-b9b7-c1b7e225f3d7", "temperature": 20.05, "humidity": 45.52, "pressure": 1015.21, "timestamp": "2019-05-26T19:42:54","test":222,"demo":22,"corrupt_record":"demo"}
{"sensor_id": "dffd0592-69d5-4535-8e9c-b2819372b3e6", "temperature": 22.84, "humidity": 43.23, "pressure": 1019.59, "timestamp": "2003-10-08T19:05:06","test":333,"demo":22,"corrupt_record":"demo"}
{"sensor_id": "2b4c6568-dc6a-486a-92f9-4b550683e603", "temperature": 23.82, "humidity": 51.05, "pressure": 1000.14, "timestamp": "1979-12-09T16:32:01","test":333,"demo":22,"corrupt_record":"demo"}
{"sensor_id": "51498467-76eb-406c-9ce3-f436e14676b5", "temperature": 21.45, "humidity": 48.77, "pressure": 1007.28, "timestamp": "1996-10-30T10:27:33","test":333,"demo":22,"corrupt_record":"demo"}
{"sensor_id": "f18a893b-c1eb-4d80-8def-dfc6da892078", "temperature": 24.38, "humidity": 43.52, "pressure": 1009.18, "timestamp": "2019-10-24T05:04:03","test":333,"demo":22,"corrupt_record":"demo"}